,pinyin,word,total,init,final,iso,other,double,conflict_d,marker_before,marker_after,marker_total,p_init,p_final,p_iso,p_repl,p_marker,img_mean,img_norm,AoA stage,AoA class,AoA vote,class
0,che1,['³µ'],1371,97,540,52,682,110,[],159,0,159,0.07075127644055434,0.3938730853391685,0.03792851932895697,0.08023340627279359,0.11597374179431072,5.3,-0.10632829556554795,1.25,1,1,0
1,ma1ma,['ÂèÂè'],1295,457,119,191,528,0,[],16,0,16,0.3528957528957529,0.0918918918918919,0.14749034749034748,0.0,0.012355212355212355,5.75,0.2111299320037623,1.05,1,1,0
2,hua4,['»­'],1199,205,306,12,676,15,['»­»­'],45,0,45,0.17097581317764804,0.25521267723102586,0.010008340283569641,0.012510425354462052,0.03753127606338615,4.95,-0.36832376385168886,1.75,2,1,0
3,a1yi2,['°¢ÒÌ'],1169,331,138,74,626,0,[],49,0,49,0.2831479897348161,0.11804961505560307,0.06330196749358426,0.0,0.041916167664670656,4.25,-0.9661217217654972,1.35,1,1,0
4,ba4ba,['°Ö°Ö'],601,165,68,103,265,0,[],13,0,13,0.27454242928452577,0.11314475873544093,0.1713810316139767,0.0,0.021630615640599003,5.6,0.11458094161362771,1.05,1,1,0
5,jia1,"['¼Ð', '¼Ò']",488,27,91,14,356,41,[],3,0,3,0.055327868852459015,0.1864754098360656,0.028688524590163935,0.08401639344262295,0.006147540983606557,4.15,-1.020191020215236,1.3,1,1,0
6,ge1,"['¸é', '¸è']",470,154,69,11,236,226,['¸ç¸ç'],24,0,24,0.3276595744680851,0.14680851063829786,0.023404255319148935,0.4808510638297872,0.05106382978723404,4.05,-1.1676376193718059,1.7,2,1,0
7,shou3,['ÊÖ'],462,36,136,11,279,3,[],47,0,47,0.07792207792207792,0.2943722943722944,0.023809523809523808,0.006493506493506494,0.10173160173160173,6.4,0.6757269796875234,1.05,1,1,0
8,fan4,['·¹'],414,11,97,2,304,30,[],11,0,11,0.026570048309178744,0.23429951690821257,0.004830917874396135,0.07246376811594203,0.026570048309178744,5.3,-0.12388219964651663,1.05,1,1,0
9,bao3bao,['±¦±¦'],365,137,75,50,103,0,[],16,0,16,0.37534246575342467,0.2054794520547945,0.136986301369863,0.0,0.043835616438356165,4.95,-0.45938079495817263,1.15,1,1,0
10,ren2,['ÈË'],351,37,87,16,211,2,[],33,0,33,0.10541310541310542,0.24786324786324787,0.045584045584045586,0.005698005698005698,0.09401709401709402,4.7,-0.5998177987280131,1.45,1,1,0
11,qiu2,['Çò'],333,26,135,39,133,142,[],25,0,25,0.07807807807807808,0.40540540540540543,0.11711711711711711,0.4264264264264264,0.07507507507507508,5.3,-0.05428247350627711,1.3,1,1,0
12,bi3,['±Ê'],310,29,100,16,165,28,[],65,0,65,0.0935483870967742,0.3225806451612903,0.05161290322580645,0.09032258064516129,0.20967741935483872,5.4,-0.08533219510984284,1.6,2,1,0
13,shui3,"['Ë®', 'Ë®']",297,14,109,7,167,3,[],48,0,48,0.04713804713804714,0.367003367003367,0.02356902356902357,0.010101010101010102,0.16161616161616163,5.65,0.12608046163196981,1.1,1,1,0
14,nai3nai,['ÄÌÄÌ'],296,75,41,53,127,0,[],19,0,19,0.2533783783783784,0.13851351351351351,0.17905405405405406,0.0,0.06418918918918919,5.5,0.037999336845777686,1.05,1,1,0
15,hai2zi,['º¢×Ó'],223,7,87,1,128,0,[],45,0,45,0.03139013452914798,0.3901345291479821,0.004484304932735426,0.0,0.20179372197309417,4.4,-0.8373914222743674,2.15,3,2,0
16,huo3che1,['»ð³µ'],219,31,66,24,98,0,[],10,0,10,0.1415525114155251,0.3013698630136986,0.1095890410958904,0.0,0.045662100456621,6.0,0.3904425697314221,2.05,2,2,0
17,ge1ge,['¸ç¸ç'],198,39,38,13,108,0,[],11,0,11,0.19696969696969696,0.1919191919191919,0.06565656565656566,0.0,0.05555555555555555,4.6,-0.6164921820750761,1.25,1,1,0
18,zui3,['×ì'],189,8,76,6,99,1,[],12,0,12,0.042328042328042326,0.4021164021164021,0.031746031746031744,0.005291005291005291,0.06349206349206349,5.65,0.10618267290755105,1.1,1,1,0
19,xie2,['Ð¬'],181,13,70,18,80,11,[],16,0,16,0.0718232044198895,0.3867403314917127,0.09944751381215469,0.06077348066298342,0.08839779005524862,5.7,0.19591219397611953,1.55,2,1,0
20,ye2ye,['Ò¯Ò¯'],178,39,33,18,88,0,[],5,0,5,0.21910112359550563,0.1853932584269663,0.10112359550561797,0.0,0.028089887640449437,5.5,0.04731597197276914,1.05,1,1,0
21,yu2,"['Óã', 'Óã']",170,16,71,15,68,10,[],9,0,9,0.09411764705882353,0.4176470588235294,0.08823529411764706,0.058823529411764705,0.052941176470588235,5.7,0.20130424984519454,1.45,1,1,0
22,zhi3,['Ö½'],161,27,18,1,115,8,[],15,0,15,0.16770186335403728,0.11180124223602485,0.006211180124223602,0.049689440993788817,0.09316770186335403,5.3,-0.10873493531039347,1.7,2,2,0
23,tang2,['ÌÇ'],160,13,68,15,64,1,[],26,0,26,0.08125,0.425,0.09375,0.00625,0.1625,5.2,-0.2009895179688998,1.4,1,1,0
24,bao1,"['°þ', '°ü']",158,29,42,11,76,72,[],9,0,9,0.18354430379746836,0.26582278481012656,0.06962025316455696,0.45569620253164556,0.056962025316455694,5.0,-0.3409995036425467,1.75,2,2,0
25,fei1ji1,['·É»ú'],156,11,94,24,27,0,[],2,0,2,0.07051282051282051,0.6025641025641025,0.15384615384615385,0.0,0.01282051282051282,6.35,0.6202969990825358,1.75,2,2,0
26,shu1,"['Êá', 'Êé']",154,12,39,9,94,100,[],23,0,23,0.07792207792207792,0.2532467532467532,0.05844155844155844,0.6493506493506493,0.14935064935064934,5.8,0.23236639339429344,1.6,2,1,0
27,ka3che1,['¿¨³µ'],152,13,53,37,49,0,[],5,0,5,0.08552631578947369,0.34868421052631576,0.24342105263157895,0.0,0.03289473684210526,5.7,0.20178699125028618,2.5,3,2,0
28,men2,['ÃÅ'],151,10,48,6,87,2,[],7,0,7,0.06622516556291391,0.31788079470198677,0.039735099337748346,0.013245033112582781,0.046357615894039736,5.6,0.10795393117279566,1.3,1,1,0
29,jie3jie,['½ã½ã'],144,19,24,16,85,0,[],5,0,5,0.13194444444444445,0.16666666666666666,0.1111111111111111,0.0,0.034722222222222224,4.75,-0.5102245031898772,1.2,1,1,0
30,lu4,"['Â¹', 'Â·']",133,34,18,4,77,19,[],10,0,10,0.2556390977443609,0.13533834586466165,0.03007518796992481,0.14285714285714285,0.07518796992481203,5.25,-0.20126078424319188,2.05,2,2,0
31,niao3,['Äñ'],131,17,49,10,55,13,[],7,0,7,0.1297709923664122,0.37404580152671757,0.07633587786259542,0.09923664122137404,0.05343511450381679,6.0,0.40048718819561824,1.5,1,1,0
32,tu3,['ÍÁ'],127,17,54,6,50,6,[],1,0,1,0.13385826771653545,0.4251968503937008,0.047244094488188976,0.047244094488188976,0.007874015748031496,4.5,-0.6924263056164162,1.75,2,2,0
33,qiang1,['Ç¹'],125,11,49,9,56,3,[],9,0,9,0.088,0.392,0.072,0.024,0.072,5.4,-0.008476216207014553,2.45,3,3,0
34,qian2,['Ç®'],121,13,25,1,82,0,[],5,0,5,0.10743801652892562,0.2066115702479339,0.008264462809917356,0.0,0.04132231404958678,4.95,-0.4288128462588065,1.85,2,2,0
35,tou2,['Í·'],119,19,34,3,63,10,[],11,0,11,0.15966386554621848,0.2857142857142857,0.025210084033613446,0.08403361344537816,0.09243697478991597,4.75,-0.6290312389132796,1.1,1,1,0
36,xia1,['Ïº'],118,37,16,7,58,0,[],3,0,3,0.3135593220338983,0.13559322033898305,0.059322033898305086,0.0,0.025423728813559324,6.55,0.8118363964490415,1.75,2,2,0
37,feng1,['·ç'],110,10,27,3,70,4,[],1,0,1,0.09090909090909091,0.24545454545454545,0.02727272727272727,0.03636363636363636,0.00909090909090909,4.05,-1.053295947543329,1.85,2,1,0
38,jiao3,"['½Á', '½Å']",109,25,31,4,49,9,[],3,0,3,0.22935779816513763,0.28440366972477066,0.03669724770642202,0.08256880733944955,0.027522935779816515,5.65,0.1700232497628295,1.1,1,1,0
39,dian4hua4,['µç»°'],109,3,38,8,60,0,[],7,0,7,0.027522935779816515,0.3486238532110092,0.07339449541284404,0.0,0.06422018348623854,5.3,-0.20203151318317564,2.0,2,2,0
40,mao1,['Ã¨'],101,9,31,12,49,101,[],17,0,17,0.0891089108910891,0.3069306930693069,0.1188118811881188,1.0,0.16831683168316833,5.9,0.29575176755617427,1.25,1,1,0
41,wa2wa,['ÍÞÍÞ'],96,7,36,0,53,0,[],7,0,7,0.07291666666666667,0.375,0.0,0.0,0.07291666666666667,4.7,-0.5756670320815551,1.5,1,1,0
42,hua1,['»¨'],92,11,29,6,46,37,[],3,0,3,0.11956521739130435,0.31521739130434784,0.06521739130434782,0.40217391304347827,0.03260869565217391,5.65,0.1681390377762361,1.2,1,1,0
43,ya2,['ÑÀ'],92,9,36,5,42,11,[],5,0,5,0.09782608695652174,0.391304347826087,0.05434782608695652,0.11956521739130435,0.05434782608695652,6.05,0.42616230211622314,1.55,2,1,0
44,tang2lao3ya1,['ÌÆÀÏÑ¼'],83,7,15,15,46,0,[],17,0,17,0.08433734939759036,0.18072289156626506,0.18072289156626506,0.0,0.20481927710843373,6.55,0.8156890283173208,2.7,3,3,0
45,mei4mei,['ÃÃÃÃ'],82,17,12,3,50,0,[],1,0,1,0.2073170731707317,0.14634146341463414,0.036585365853658534,0.0,0.012195121951219513,5.15,-0.2310193281601741,1.3,1,1,0
46,xiong2mao1,['ÐÜÃ¨'],82,11,27,9,35,0,[],5,0,5,0.13414634146341464,0.32926829268292684,0.10975609756097561,0.0,0.06097560975609756,6.4,0.7114358674107558,2.35,3,2,0
47,gong1gong4qi4che1,['¹«¹²Æû³µ'],76,11,18,19,28,0,[],9,0,9,0.14473684210526316,0.23684210526315788,0.25,0.0,0.11842105263157894,6.0,0.4186847558712968,2.65,3,3,0
48,niu2,['Å£'],74,17,25,16,16,1,[],3,0,3,0.22972972972972974,0.33783783783783783,0.21621621621621623,0.013513513513513514,0.04054054054054054,5.95,0.3801704482686792,1.45,1,1,0
49,dong1xi,['¶«Î÷'],70,0,36,1,33,0,[],9,0,9,0.0,0.5142857142857142,0.014285714285714285,0.0,0.12857142857142856,1.85,-3.1793013014028064,1.65,2,1,0
50,li2,['Àæ'],70,13,15,6,36,3,[],7,0,7,0.18571428571428572,0.21428571428571427,0.08571428571428572,0.04285714285714286,0.1,6.45,0.7437768941653149,1.45,1,1,0
51,you4er2yuan2,['Ó×¶ùÔ°'],68,12,11,5,40,0,[],1,0,1,0.17647058823529413,0.16176470588235295,0.07352941176470588,0.0,0.014705882352941176,5.2,-0.2091923082672933,2.6,3,3,0
52,lao3lao,['ÀÑÀÑ'],68,22,3,10,33,0,[],1,0,1,0.3235294117647059,0.04411764705882353,0.14705882352941177,0.0,0.014705882352941176,4.65,-0.6462294039396128,1.4,1,1,0
53,dian4shi4,['µçÊÓ'],68,6,16,6,40,0,[],1,0,1,0.08823529411764706,0.23529411764705882,0.08823529411764706,0.0,0.014705882352941176,6.15,0.49170561492401577,1.75,2,2,0
54,yan3jing1,['ÑÛ¾¦'],66,2,24,3,37,0,[],12,0,12,0.030303030303030304,0.36363636363636365,0.045454545454545456,0.0,0.18181818181818182,6.1,0.44035210188465,1.3,1,1,0
55,yu3,['Óê'],65,1,26,4,34,1,[],2,0,2,0.015384615384615385,0.4,0.06153846153846154,0.015384615384615385,0.03076923076923077,5.75,0.17794812718132122,1.35,1,1,0
56,gou3,['¹·'],65,9,14,8,34,29,[],5,0,5,0.13846153846153847,0.2153846153846154,0.12307692307692308,0.4461538461538462,0.07692307692307693,6.0,0.4178726545199868,1.25,1,1,0
57,cai4,['²Ë'],63,5,17,1,40,10,[],13,0,13,0.07936507936507936,0.2698412698412698,0.015873015873015872,0.15873015873015872,0.20634920634920634,4.5,-0.837705112581728,1.35,1,1,0
58,yi1fu,['ÒÂ·þ'],62,3,14,4,41,0,[],9,0,9,0.04838709677419355,0.22580645161290322,0.06451612903225806,0.0,0.14516129032258066,4.65,-0.6434661115661595,1.4,1,1,0
59,ku4zi,['¿ã×Ó'],60,5,14,4,37,0,[],13,0,13,0.08333333333333333,0.23333333333333334,0.06666666666666667,0.0,0.21666666666666667,5.65,0.16027145091525602,1.5,1,1,0
60,biao3,['±í'],60,2,19,13,26,2,[],20,0,20,0.03333333333333333,0.31666666666666665,0.21666666666666667,0.03333333333333333,0.3333333333333333,4.9,-0.4206393794111191,2.25,3,2,0
61,tian1,['Ìì'],59,4,5,4,46,13,[],6,0,6,0.06779661016949153,0.0847457627118644,0.06779661016949153,0.22033898305084745,0.1016949152542373,4.4,-0.9633267035645503,1.4,1,1,0
62,rou4,['Èâ'],59,2,19,6,32,48,[],4,0,4,0.03389830508474576,0.3220338983050847,0.1016949152542373,0.8135593220338984,0.06779661016949153,5.25,-0.17626042145982715,1.25,1,1,0
63,shu4,['Ê÷'],57,5,17,2,33,1,[],11,0,11,0.08771929824561403,0.2982456140350877,0.03508771929824561,0.017543859649122806,0.19298245614035087,5.95,0.3546596781598531,1.3,1,1,0
64,deng4zi,['µÊ×Ó'],56,1,18,4,33,0,[],7,0,7,0.017857142857142856,0.32142857142857145,0.07142857142857142,0.0,0.125,6.0,0.41161538477385784,1.7,2,2,0
65,ji1mu4,['»ýÄ¾'],56,9,13,13,21,0,[],2,0,2,0.16071428571428573,0.23214285714285715,0.23214285714285715,0.0,0.03571428571428571,5.35,-0.08313714866856008,2.1,3,2,0
66,qin2,['ÇÙ'],55,6,19,11,19,1,[],6,0,6,0.10909090909090909,0.34545454545454546,0.2,0.01818181818181818,0.10909090909090909,5.35,-0.10442119643934153,2.5,3,3,0
67,ju2zi,['éÙ×Ó'],54,6,20,4,24,0,[],8,0,8,0.1111111111111111,0.37037037037037035,0.07407407407407407,0.0,0.14814814814814814,6.35,0.6625346990477617,1.7,2,2,0
68,di4di,['µÜµÜ'],54,6,10,3,35,0,[],0,0,0,0.1111111111111111,0.18518518518518517,0.05555555555555555,0.0,0.0,4.8,-0.5084320443894093,1.3,1,1,0
69,mo2tuo1che1,['Ä¦ÍÐ³µ'],54,14,14,9,17,0,[],2,0,2,0.25925925925925924,0.25925925925925924,0.16666666666666666,0.0,0.037037037037037035,6.05,0.4391313477137553,2.8,3,3,0
70,qi4qiu2,['ÆøÇò'],54,8,9,6,31,0,[],11,0,11,0.14814814814814814,0.16666666666666666,0.1111111111111111,0.0,0.2037037037037037,6.0,0.3825978653868054,2.0,2,2,0
71,zhu1,['Öí'],54,8,14,19,13,13,[],0,0,0,0.14814814814814814,0.25925925925925924,0.35185185185185186,0.24074074074074073,0.0,6.05,0.4592476857534497,1.5,1,1,0
72,pi4gu,['Æ¨¹É'],54,4,21,0,29,0,[],4,0,4,0.07407407407407407,0.3888888888888889,0.0,0.0,0.07407407407407407,5.7,0.16420995804065833,1.45,1,1,0
73,lian3,['Á³'],53,5,15,0,33,0,[],4,0,4,0.09433962264150944,0.2830188679245283,0.0,0.0,0.07547169811320754,5.2,-0.2341638346854821,1.25,1,1,0
74,ya1zi,['Ñ¼×Ó'],50,6,29,1,14,0,[],4,0,4,0.12,0.58,0.02,0.0,0.08,6.4,0.676474939413886,1.4,1,1,0
75,ping2guo3,['Æ»¹û'],50,2,25,8,15,0,[],5,0,5,0.04,0.5,0.16,0.0,0.1,6.5,0.796857247462608,1.3,1,1,0
76,shu1bao1,['Êé°ü'],50,0,11,1,38,0,[],4,0,4,0.0,0.22,0.02,0.0,0.08,5.8,0.2813022038659899,2.6,3,3,0
77,gua1,['¹Ï'],48,13,8,2,25,2,[],2,0,2,0.2708333333333333,0.16666666666666666,0.041666666666666664,0.041666666666666664,0.041666666666666664,4.8,-0.5375767161113518,1.65,2,1,0
78,bi2zi,['±Ç×Ó'],47,9,12,5,21,0,[],3,0,3,0.19148936170212766,0.2553191489361702,0.10638297872340426,0.0,0.06382978723404255,5.8,0.255944736879816,1.25,1,1,0
79,lao3hu3,['ÀÏ»¢'],46,4,20,2,20,0,[],1,0,1,0.08695652173913043,0.43478260869565216,0.043478260869565216,0.0,0.021739130434782608,6.15,0.5279868133935341,1.6,2,2,0
80,wan3,"['Íì', 'Íë']",46,1,12,0,33,0,[],11,0,11,0.021739130434782608,0.2608695652173913,0.0,0.0,0.2391304347826087,5.75,0.23292841517698415,1.65,2,1,0
81,chuang2,['´²'],45,2,7,3,33,0,[],4,0,4,0.044444444444444446,0.15555555555555556,0.06666666666666667,0.0,0.08888888888888889,6.1,0.49726550300983197,1.25,1,1,0
82,qing1wa1,['ÇàÍÜ'],45,8,10,8,19,0,[],4,0,4,0.17777777777777778,0.2222222222222222,0.17777777777777778,0.0,0.08888888888888889,5.7,0.1602493294034532,2.2,3,2,0
83,tai4yang2,['Ì«Ñô'],44,8,17,9,10,0,[],4,0,4,0.18181818181818182,0.38636363636363635,0.20454545454545456,0.0,0.09090909090909091,6.0,0.4349777288891648,1.5,1,1,0
84,jiu4jiu,['¾Ë¾Ë'],43,8,10,7,18,0,[],3,0,3,0.18604651162790697,0.23255813953488372,0.16279069767441862,0.0,0.06976744186046512,5.1,-0.337380864608552,1.5,1,1,0
85,zhong1,['ÖÓ'],41,2,12,2,25,0,[],7,0,7,0.04878048780487805,0.2926829268292683,0.04878048780487805,0.0,0.17073170731707318,5.7,0.1808923892693331,2.35,3,2,0
86,shan1,['É½'],38,4,3,4,27,1,[],1,0,1,0.10526315789473684,0.07894736842105263,0.10526315789473684,0.02631578947368421,0.02631578947368421,5.6,0.04937322242212512,1.6,2,2,0
87,cao3,['²Ý'],37,1,17,6,13,0,[],3,0,3,0.02702702702702703,0.4594594594594595,0.16216216216216217,0.0,0.08108108108108109,5.95,0.3650427176795784,1.55,2,1,0
88,yue4liang4,['ÔÂÁÁ'],36,1,11,10,14,0,[],2,0,2,0.027777777777777776,0.3055555555555556,0.2777777777777778,0.0,0.05555555555555555,5.95,0.3703588546328236,1.6,2,1,0
89,yao4shi,['Ô¿³×'],36,4,8,3,21,0,[],10,0,10,0.1111111111111111,0.2222222222222222,0.08333333333333333,0.0,0.2777777777777778,5.95,0.33218711748735713,2.6,3,3,0
90,mi3lao3shu3,['Ã×ÀÏÊó'],36,15,3,5,13,0,[],7,0,7,0.4166666666666667,0.08333333333333333,0.1388888888888889,0.0,0.19444444444444445,6.35,0.7061415287312411,2.6,3,3,0
91,zhuo1zi,['×À×Ó'],36,4,7,5,20,0,[],4,0,4,0.1111111111111111,0.19444444444444445,0.1388888888888889,0.0,0.1111111111111111,5.95,0.35986646352975893,1.5,1,1,0
92,tui3,['ÍÈ'],36,1,10,1,24,1,[],7,0,7,0.027777777777777776,0.2777777777777778,0.027777777777777776,0.027777777777777776,0.19444444444444445,5.75,0.21230586401195226,1.2,1,1,0
93,wai4tou,['ÍâÍ·'],35,9,2,1,23,0,[],1,0,1,0.2571428571428571,0.05714285714285714,0.02857142857142857,0.0,0.02857142857142857,2.2,-2.787692087899879,2.35,3,3,0
94,zhou1,['Öà'],35,1,10,1,23,0,[],9,0,9,0.02857142857142857,0.2857142857142857,0.02857142857142857,0.0,0.2571428571428571,5.8,0.2743047849321615,1.6,2,1,0
95,gu2lu,['éïê¤'],35,2,14,4,15,0,[],7,0,7,0.05714285714285714,0.4,0.11428571428571428,0.0,0.2,3.75,-1.4188936327298558,3.0,3,3,0
96,hua2ti1,['»¬ÌÝ'],34,2,11,15,6,0,[],0,0,0,0.058823529411764705,0.3235294117647059,0.4411764705882353,0.0,0.0,5.7,0.1756133845011747,2.2,3,2,0
97,bao1zi,['°ü×Ó'],34,2,18,0,14,0,[],10,0,10,0.058823529411764705,0.5294117647058824,0.0,0.0,0.29411764705882354,5.9,0.3542966912794575,1.85,2,2,0
98,sha1fa1,['É³·¢'],34,2,10,3,19,0,[],3,0,3,0.058823529411764705,0.29411764705882354,0.08823529411764706,0.0,0.08823529411764706,5.9,0.29597427224168804,1.75,2,2,0
99,dian4chi2,['µç³Ø'],33,0,7,3,23,0,[],1,0,1,0.0,0.21212121212121213,0.09090909090909091,0.0,0.030303030303030304,5.55,0.0043485284955898235,2.75,3,3,0
100,lao3shi1,['ÀÏÊ¦'],33,12,2,0,19,0,[],4,0,4,0.36363636363636365,0.06060606060606061,0.0,0.0,0.12121212121212122,4.5,-0.8055884658872235,2.25,3,2,0
101,chuan2,['´¬'],33,2,14,4,13,0,[],5,0,5,0.06060606060606061,0.42424242424242425,0.12121212121212122,0.0,0.15151515151515152,5.55,0.04948117786752208,2.1,3,2,0
102,shu1shu1,['ÊåÊå'],33,2,14,1,16,0,[],3,0,3,0.06060606060606061,0.42424242424242425,0.030303030303030304,0.0,0.09090909090909091,4.7,-0.6457764078817142,1.4,1,1,0
103,tian1an1men2,['Ìì°²ÃÅ'],32,6,8,6,12,0,[],2,0,2,0.1875,0.25,0.1875,0.0,0.0625,6.5,0.7681598011268977,2.9,3,3,0
104,qian1bi3,['Ç¦±Ê'],31,8,8,9,6,0,[],0,0,0,0.25806451612903225,0.25806451612903225,0.2903225806451613,0.0,0.0,5.9,0.34195551234898663,2.3,3,2,0
105,yang2,['Ñò'],30,5,9,8,8,309,[],0,0,0,0.16666666666666666,0.3,0.26666666666666666,10.3,0.0,5.8,0.2657518817665764,1.55,2,2,0
106,xue3,['Ñ©'],29,4,6,0,19,0,[],0,0,0,0.13793103448275862,0.20689655172413793,0.0,0.0,0.0,6.35,0.6538030353255808,1.8,2,2,0
107,jing3cha2,['¾¯²ì'],29,9,4,0,16,0,[],0,0,0,0.3103448275862069,0.13793103448275862,0.0,0.0,0.0,5.65,0.14461044142937607,2.5,3,3,0
108,gu4shi4,['¹ÊÊÂ'],29,1,12,1,15,0,[],4,0,4,0.034482758620689655,0.41379310344827586,0.034482758620689655,0.0,0.13793103448275862,2.6,-2.588409684461298,1.75,2,1,0
109,xiong2,['ÐÜ'],28,2,10,10,6,3,[],1,0,1,0.07142857142857142,0.35714285714285715,0.35714285714285715,0.10714285714285714,0.03571428571428571,5.85,0.2521591529963481,1.95,2,2,0
110,bing1xiang1,['±ùÏä'],28,2,8,5,13,0,[],1,0,1,0.07142857142857142,0.2857142857142857,0.17857142857142858,0.0,0.03571428571428571,6.25,0.5907741034645629,2.4,3,2,0
111,dao1,['µ¶'],28,8,8,2,10,2,[],1,0,1,0.2857142857142857,0.2857142857142857,0.07142857142857142,0.07142857142857142,0.03571428571428571,6.2,0.5405982191409996,2.1,3,2,0
112,lang2,['ÀÇ'],28,2,13,4,9,0,[],0,0,0,0.07142857142857142,0.4642857142857143,0.14285714285714285,0.0,0.0,6.0,0.35237563164245156,1.9,2,2,0
113,shao2,['É×'],26,1,10,2,13,0,[],2,0,2,0.038461538461538464,0.38461538461538464,0.07692307692307693,0.0,0.07692307692307693,5.45,-0.00062635020829237,1.95,2,2,0
114,guo1,['¹ø'],26,7,9,3,7,0,[],2,0,2,0.2692307692307692,0.34615384615384615,0.11538461538461539,0.0,0.07692307692307693,5.65,0.1528654085719861,2.3,3,3,0
115,zi4xing2che1,['×ÔÐÐ³µ'],25,6,7,5,7,0,[],2,0,2,0.24,0.28,0.2,0.0,0.08,6.1,0.521847673115629,2.4,3,2,0
116,tong3,['Í°'],24,0,6,1,17,2,[],2,0,2,0.0,0.25,0.041666666666666664,0.08333333333333333,0.08333333333333333,4.95,-0.35026910669102446,2.2,3,2,0
117,mi3,['Ã×'],24,5,7,4,8,0,[],0,0,0,0.20833333333333334,0.2916666666666667,0.16666666666666666,0.0,0.0,5.85,0.27534841524237724,1.95,2,2,0
118,zui3ba,['×ì°Í'],24,6,6,0,12,0,[],2,0,2,0.25,0.25,0.0,0.0,0.08333333333333333,5.75,0.2163551715620061,1.35,1,1,0
119,jing4zi,['¾µ×Ó'],24,1,7,0,16,0,[],0,0,0,0.041666666666666664,0.2916666666666667,0.0,0.0,0.0,6.05,0.4554141445526939,2.05,2,2,0
120,gu1gu,['¹Ã¹Ã'],24,9,2,2,11,0,[],3,0,3,0.375,0.08333333333333333,0.08333333333333333,0.0,0.125,4.6,-0.6615391802504542,1.5,1,1,0
121,mao4zi,['Ã±×Ó'],22,2,4,1,15,0,[],5,0,5,0.09090909090909091,0.18181818181818182,0.045454545454545456,0.0,0.22727272727272727,5.8,0.27082853615647495,1.85,2,2,0
122,nao3dai4,['ÄÔ´ü'],22,3,3,0,16,0,[],5,0,5,0.13636363636363635,0.13636363636363635,0.0,0.0,0.22727272727272727,4.65,-0.5903971030082761,1.6,2,2,0
123,wu1gui1,['ÎÚ¹ê'],21,2,6,6,7,0,[],2,0,2,0.09523809523809523,0.2857142857142857,0.2857142857142857,0.0,0.09523809523809523,6.15,0.5498071238018086,2.15,3,2,0
124,san3,['É¡'],20,3,6,6,5,0,[],2,0,2,0.15,0.3,0.3,0.0,0.1,5.9,0.33016407591797536,1.95,2,2,0
125,chong2zi,['³æ×Ó'],20,3,1,0,16,0,[],1,0,1,0.15,0.05,0.0,0.0,0.05,4.95,-0.3900198762929503,1.45,1,1,0
126,lao3shu3,['ÀÏÊó'],19,2,8,2,7,0,[],0,0,0,0.10526315789473684,0.42105263157894735,0.10526315789473684,0.0,0.0,5.9,0.2894198552633573,1.9,2,2,0
127,tuo1xie2,['ÍÏÐ¬'],19,3,2,1,13,0,[],1,0,1,0.15789473684210525,0.10526315789473684,0.05263157894736842,0.0,0.05263157894736842,5.7,0.138910578772507,2.15,3,2,0
128,tuo1er2suo3,['ÍÐ¶ùËù'],18,3,3,0,12,0,[],0,0,0,0.16666666666666666,0.16666666666666666,0.0,0.0,0.0,3.6,-1.393600422812821,2.8,3,3,0
129,fang2zi,['·¿×Ó'],18,1,7,2,8,0,[],4,0,4,0.05555555555555555,0.3888888888888889,0.1111111111111111,0.0,0.2222222222222222,5.0,-0.353343818466051,1.65,2,1,0
130,shou3biao3,['ÊÖ±í'],18,1,8,3,6,0,[],0,0,0,0.05555555555555555,0.4444444444444444,0.16666666666666666,0.0,0.0,6.05,0.4151548708209051,2.25,3,2,0
131,la4jiao1,['À±½·'],18,0,9,0,9,0,[],6,0,6,0.0,0.5,0.0,0.0,0.3333333333333333,6.15,0.5246871396844938,2.5,3,2,0
132,hou2zi,['ºï×Ó'],18,3,6,1,8,0,[],0,0,0,0.16666666666666666,0.3333333333333333,0.05555555555555555,0.0,0.0,6.3,0.6198447575274001,2.0,2,2,0
133,she2,['Éß'],16,4,6,1,5,0,[],0,0,0,0.25,0.375,0.0625,0.0,0.0,6.2,0.5254841399755528,2.2,3,2,0
134,qing1ting2,['òßòÑ'],16,3,3,6,4,0,[],0,0,0,0.1875,0.1875,0.375,0.0,0.0,6.15,0.5090617644099585,2.55,3,3,0
135,dan4,['µ°'],15,4,3,2,6,5,[],0,0,0,0.26666666666666666,0.2,0.13333333333333333,0.3333333333333333,0.0,5.85,0.2670787148436207,1.3,1,1,0
136,lu4yin1ji1,['Â¼Òô»ú'],15,1,4,6,4,0,[],2,0,2,0.06666666666666667,0.26666666666666666,0.4,0.0,0.13333333333333333,5.05,-0.31838759590482235,2.85,3,3,0
137,jiu4hu4che1,['¾È»¤³µ'],15,1,6,7,1,0,[],0,0,0,0.06666666666666667,0.4,0.4666666666666667,0.0,0.0,5.95,0.36231947099532774,3.0,3,3,0
138,xiao3hai2,['Ð¡º¢'],14,2,2,0,10,0,[],8,0,8,0.14285714285714285,0.14285714285714285,0.0,0.0,0.5714285714285714,4.8,-0.5152052134956431,1.9,2,1,0
139,mu4tou,['Ä¾Í·'],14,1,4,3,6,0,[],2,0,2,0.07142857142857142,0.2857142857142857,0.21428571428571427,0.0,0.14285714285714285,4.85,-0.47112031959221695,1.9,2,2,0
140,bei1zi,['±­×Ó'],14,4,3,2,5,0,[],3,0,3,0.2857142857142857,0.21428571428571427,0.14285714285714285,0.0,0.21428571428571427,5.8,0.2500946290478051,1.5,1,1,0
141,ge1zi,['¸ë×Ó'],14,3,5,0,6,0,[],1,0,1,0.21428571428571427,0.35714285714285715,0.0,0.0,0.07142857142857142,6.3,0.595145872414605,2.5,3,2,0
142,e2,['¶ì'],14,3,5,2,4,0,[],1,0,1,0.21428571428571427,0.35714285714285715,0.14285714285714285,0.0,0.07142857142857142,6.15,0.5114448696927913,1.9,2,2,0
143,bo2zi,['²±×Ó'],14,3,0,1,10,0,[],1,0,1,0.21428571428571427,0.0,0.07142857142857142,0.0,0.07142857142857142,5.3,-0.08283591368590255,1.7,2,2,0
144,yan3jing4,['ÑÛ¾µ'],14,0,4,5,5,0,[],0,0,0,0.0,0.2857142857142857,0.35714285714285715,0.0,0.0,6.0,0.4049930231597857,2.5,3,2,0
145,pen2,['Åè'],14,2,4,0,8,5,[],1,0,1,0.14285714285714285,0.2857142857142857,0.0,0.35714285714285715,0.07142857142857142,5.4,-0.0283222802630118,2.2,3,2,0
146,ping2zi,['Æ¿×Ó'],14,2,1,1,10,0,[],5,0,5,0.14285714285714285,0.07142857142857142,0.07142857142857142,0.0,0.35714285714285715,5.45,-0.01793902092360844,1.8,2,2,0
147,pu2tao,['ÆÏÌÑ'],14,1,3,7,3,0,[],0,0,0,0.07142857142857142,0.21428571428571427,0.5,0.0,0.0,6.35,0.6832269342271258,1.9,2,2,0
148,dong4wu4,['¶¯Îï'],13,0,9,1,3,0,[],5,0,5,0.0,0.6923076923076923,0.07692307692307693,0.0,0.38461538461538464,3.55,-1.6891018451933817,2.1,3,2,0
149,hu2die2,['ºûµû'],13,0,4,8,1,0,[],1,0,1,0.0,0.3076923076923077,0.6153846153846154,0.0,0.07692307692307693,6.15,0.49799431463371074,2.35,3,2,0
150,nao3dai,['ÄÔ´ü'],13,0,3,1,9,0,[],0,0,0,0.0,0.23076923076923078,0.07692307692307693,0.0,0.0,5.3,-0.12843831160961316,1.6,2,2,0
151,gang1qin2,['¸ÖÇÙ'],13,2,6,4,1,0,[],0,0,0,0.15384615384615385,0.46153846153846156,0.3076923076923077,0.0,0.0,6.4,0.728448190886891,2.65,3,3,0
152,wan2ju4,['Íæ¾ß'],13,1,4,2,6,0,[],2,0,2,0.07692307692307693,0.3076923076923077,0.15384615384615385,0.0,0.15384615384615385,4.55,-0.7839525689305769,1.5,1,1,0
153,shou1yin1ji1,['ÊÕÒô»ú'],13,2,1,8,2,0,[],1,0,1,0.15384615384615385,0.07692307692307693,0.6153846153846154,0.0,0.07692307692307693,5.55,0.09404570656593561,2.8,3,3,0
154,luo2bo,['ÂÜ²·'],13,2,3,1,7,0,[],1,0,1,0.15384615384615385,0.23076923076923078,0.07692307692307693,0.0,0.07692307692307693,5.85,0.2972295400215814,2.05,2,2,0
155,kou3,['¿Ú'],13,0,10,0,3,0,[],1,0,1,0.0,0.7692307692307693,0.0,0.0,0.07692307692307693,4.75,-0.6235182938520785,1.75,2,1,0
156,bing3gan1,['±ý¸É'],13,0,3,0,10,0,[],1,0,1,0.0,0.23076923076923078,0.0,0.0,0.07692307692307693,5.75,0.20666469304598625,1.6,2,2,0
157,cha2,['²è'],13,4,2,1,6,0,[],0,0,0,0.3076923076923077,0.15384615384615385,0.07692307692307693,0.0,0.0,5.7,0.09964304048546845,2.2,3,2,0
158,man2tou,['ÂøÍ·'],13,1,4,1,7,0,[],3,0,3,0.07692307692307693,0.3076923076923077,0.07692307692307693,0.0,0.23076923076923078,5.9,0.39127994740680877,1.7,2,2,0
159,bing3,['±ý'],13,1,5,2,5,0,[],1,0,1,0.07692307692307693,0.38461538461538464,0.15384615384615385,0.0,0.07692307692307693,5.35,-0.05486581473004557,1.65,2,2,0
160,zhong1guo2,['ÖÐ¹ú'],13,5,2,2,4,0,[],0,0,0,0.38461538461538464,0.15384615384615385,0.15384615384615385,0.0,0.0,3.55,-1.4589218209850419,2.5,3,3,0
161,ban1ma3,['°ßÂí'],13,1,4,6,2,0,[],0,0,0,0.07692307692307693,0.3076923076923077,0.46153846153846156,0.0,0.0,6.1,0.4875765418829279,2.55,3,3,0
162,xiu4zi,['Ðä×Ó'],12,0,8,1,3,0,[],0,0,0,0.0,0.6666666666666666,0.08333333333333333,0.0,0.0,5.45,-0.05654054375824687,2.3,3,3,0
163,xing1xing,"['ÐÉÐÉ', 'ÐÇÐÇ']",12,5,1,2,4,0,[],0,0,0,0.4166666666666667,0.08333333333333333,0.16666666666666666,0.0,0.0,5.7,0.11306160150766642,2.05,2,2,0
164,pi2dai4,['Æ¤´ø'],12,0,3,0,9,0,[],1,0,1,0.0,0.25,0.0,0.0,0.08333333333333333,5.55,0.09523023824923456,2.8,3,3,0
165,jiao3zi,['½È×Ó'],12,2,6,1,3,0,[],2,0,2,0.16666666666666666,0.5,0.08333333333333333,0.0,0.16666666666666666,6.2,0.5640272472964704,1.95,2,2,0
166,yu4mi3,['ÓñÃ×'],12,1,4,3,4,0,[],0,0,0,0.08333333333333333,0.3333333333333333,0.25,0.0,0.0,6.3,0.6455431176443555,1.7,2,1,0
167,bao4zhi3,['±¨Ö½'],12,1,2,3,6,0,[],0,0,0,0.08333333333333333,0.16666666666666666,0.25,0.0,0.0,5.9,0.2745534370489284,2.55,3,3,0
168,xi1gua1,['Î÷¹Ï'],11,2,2,2,5,0,[],0,0,0,0.18181818181818182,0.18181818181818182,0.18181818181818182,0.0,0.0,6.5,0.7809824974809285,1.6,2,2,0
169,da4ma1,['´óÂè'],11,0,1,0,10,0,[],0,0,0,0.0,0.09090909090909091,0.0,0.0,0.0,4.45,-0.8179476081892579,2.35,3,3,0
170,ji2pu3che1,['¼ªÆÕ³µ'],11,0,1,3,7,0,[],1,0,1,0.0,0.09090909090909091,0.2727272727272727,0.0,0.09090909090909091,5.9,0.3229906197732643,2.85,3,3,0
171,chu2fang2,['³ø·¿'],11,6,1,0,4,0,[],0,0,0,0.5454545454545454,0.09090909090909091,0.0,0.0,0.0,5.15,-0.1921145690293638,2.25,3,2,0
172,du4zi,['¶Ç×Ó'],11,4,0,0,7,0,[],0,0,0,0.36363636363636365,0.0,0.0,0.0,0.0,5.0,-0.2734907765553314,1.2,1,1,0
173,yi3zi,['ÒÎ×Ó'],11,1,4,0,6,0,[],1,0,1,0.09090909090909091,0.36363636363636365,0.0,0.0,0.09090909090909091,5.75,0.21044515488210855,1.6,2,1,0
174,yi1yuan4,['Ò½Ôº'],11,1,2,0,8,0,[],0,0,0,0.09090909090909091,0.18181818181818182,0.0,0.0,0.0,5.3,-0.14249717388315924,2.3,3,2,0
175,long2,['Áú'],11,2,3,2,4,3,[],0,0,0,0.18181818181818182,0.2727272727272727,0.18181818181818182,0.2727272727272727,0.0,5.2,-0.15904255907846732,2.55,3,3,0
176,kuai4zi,['¿ê×Ó'],10,0,7,0,3,0,[],1,0,1,0.0,0.7,0.0,0.0,0.1,6.4,0.7113314681950065,1.7,2,2,0
177,yi1shang,['ÒÂÉÑ'],10,1,7,0,2,0,[],1,0,1,0.1,0.7,0.0,0.0,0.1,4.6,-0.6792829086956003,2.25,3,3,0
178,cu4,['´×'],10,0,6,2,2,0,[],0,0,0,0.0,0.6,0.2,0.0,0.0,6.15,0.534524382537378,2.65,3,3,0
179,mian4,['Ãæ'],10,0,5,0,5,0,[],1,0,1,0.0,0.5,0.0,0.0,0.1,5.0,-0.3987823870436612,1.5,1,1,0
180,ye4zi,['Ò¶×Ó'],10,2,5,0,3,0,[],2,0,2,0.2,0.5,0.0,0.0,0.2,5.75,0.24176529359597412,1.85,2,2,0
181,mian4tiao2,['ÃæÌõ'],10,1,1,0,8,0,[],1,0,1,0.1,0.1,0.0,0.0,0.1,5.75,0.22623949534487792,1.7,2,2,0
182,tu3dou4,['ÍÁ¶¹'],10,0,4,1,5,0,[],1,0,1,0.0,0.4,0.1,0.0,0.1,6.25,0.5988082867741744,1.95,2,2,0
183,chuang1hu,['´°»§'],10,0,5,1,4,0,[],1,0,1,0.0,0.5,0.1,0.0,0.1,5.5,0.028714082293562003,1.8,2,2,0
184,pan2,['ÅÌ'],10,2,1,0,7,0,[],0,0,0,0.2,0.1,0.0,0.0,0.0,4.95,-0.350493521963358,2.2,3,2,0
185,shi4,"['ÊÇ', 'ÊÔ']",4796,780,418,58,3540,26,[],1129,7,1136,0.16263552960800667,0.0871559633027523,0.012093411175979984,0.005421184320266889,0.23686405337781485,2.95,-1.2212352650804155,1.55,1,2,1
186,gei3,['¸ø'],2902,652,74,105,2071,1,[],307,9,316,0.22467263955892489,0.025499655410062026,0.03618194348725017,0.00034458993797381116,0.10889042039972432,3.95,-0.48687594838262793,1.25,1,1,1
187,you3,['ÓÐ'],2571,321,585,72,1593,0,[],1274,100,1374,0.12485414235705951,0.22753792298716452,0.028004667444574097,0.0,0.5344224037339557,2.25,-1.7080782594880284,1.3,1,1,1
188,lai2,['À´'],2483,672,611,294,906,1,[],157,295,452,0.2706403544099879,0.24607329842931938,0.11840515505436972,0.0004027386226339106,0.18203785743052758,3.55,-0.8130476194746526,1.3,1,1,1
189,chi1,['³Ô'],2157,394,408,35,1320,7,[],464,136,600,0.1826611033843301,0.18915159944367177,0.016226240148354196,0.003245248029670839,0.27816411682892905,5.75,0.6432664134748165,1.05,1,1,1
190,qu4,['È¥'],1996,226,636,45,1089,1,[],132,262,394,0.11322645290581163,0.3186372745490982,0.022545090180360723,0.000501002004008016,0.19739478957915832,3.4,-0.9688819263215995,1.25,1,1,1
191,kan4,['¿´'],1872,394,327,24,1127,477,[],87,59,146,0.21047008547008547,0.17467948717948717,0.01282051282051282,0.2548076923076923,0.07799145299145299,5.4,0.3942940293204339,1.05,1,1,1
192,yao4,"['Òª', 'Ò©']",1598,372,210,35,981,9,[],460,69,529,0.2327909887359199,0.13141426783479349,0.02190237797246558,0.005632040050062578,0.3310387984981227,2.6,-1.4320012783037186,1.25,1,1,1
193,shuo1,['Ëµ'],1590,187,239,32,1132,22,[],174,42,216,0.11761006289308176,0.15031446540880503,0.02012578616352201,0.013836477987421384,0.13584905660377358,4.95,0.12074670646126606,1.25,1,1,1
194,na2,['ÄÃ'],1306,370,195,36,705,9,[],152,92,244,0.2833078101071976,0.14931087289433384,0.027565084226646247,0.006891271056661562,0.18683001531393567,5.0,0.11894092833697614,1.15,1,1,1
195,shang4,['ÉÏ'],1162,216,166,25,755,1,[],90,42,132,0.18588640275387264,0.14285714285714285,0.021514629948364887,0.0008605851979345956,0.11359724612736662,3.2,-1.108440642208558,1.5,1,1,1
196,zou3,['×ß'],1148,240,298,171,439,25,[],114,160,274,0.20905923344947736,0.259581881533101,0.1489547038327526,0.02177700348432056,0.23867595818815332,5.75,0.6937597706733787,1.15,1,1,1
197,zuo4,['×ø'],1035,264,120,41,610,125,[],97,86,183,0.25507246376811593,0.11594202898550725,0.03961352657004831,0.12077294685990338,0.17681159420289855,5.85,0.785803985359943,1.05,1,1,1
198,da3,['´ò'],958,279,124,56,499,4,[],129,25,154,0.29123173277661796,0.12943632567849686,0.05845511482254697,0.0041753653444676405,0.16075156576200417,5.8,0.6620568839288201,1.25,1,1,1
199,en4,['Þô'],806,186,72,489,59,1,[],3,2,5,0.23076923076923078,0.08933002481389578,0.6066997518610422,0.0012406947890818859,0.00620347394540943,5.3,0.2554465380016636,2.35,3,3,1
200,jiao4,['½Ð'],740,207,72,21,440,15,[],80,33,113,0.2797297297297297,0.0972972972972973,0.02837837837837838,0.02027027027027027,0.1527027027027027,5.6,0.5057373131381742,1.2,1,1,1
201,wanr2,['Íæ'],729,98,126,18,487,20,[],109,71,180,0.13443072702331962,0.1728395061728395,0.024691358024691357,0.027434842249657063,0.24691358024691357,3.7,-0.6923852157400521,1.2,1,1,1
202,dao4,['µ¹'],610,188,65,23,334,1,[],46,34,80,0.3081967213114754,0.10655737704918032,0.03770491803278689,0.001639344262295082,0.13114754098360656,5.25,0.3049103536398567,2.3,3,2,1
203,kai1,['¿ª'],604,153,130,34,287,64,[],79,36,115,0.2533112582781457,0.2152317880794702,0.056291390728476824,0.10596026490066225,0.19039735099337748,3.85,-0.6227204241023889,1.55,1,1,1
204,he1,['ºÈ'],580,137,99,23,321,5,[],115,43,158,0.23620689655172414,0.1706896551724138,0.039655172413793106,0.008620689655172414,0.27241379310344827,5.7,0.6544638054798544,1.1,1,1,1
205,dong4,['¶¯'],562,18,268,9,267,2,[],429,34,463,0.03202846975088968,0.47686832740213525,0.01601423487544484,0.0035587188612099642,0.8238434163701067,3.65,-0.7717047831971832,1.35,1,1,1
206,gen1,['¸ú'],508,129,3,1,375,0,[],85,31,116,0.25393700787401574,0.005905511811023622,0.001968503937007874,0.0,0.2283464566929134,4.0,-0.4697743988485151,1.95,2,2,1
207,rang4,['ÈÃ'],484,162,7,0,315,1,[],0,0,0,0.3347107438016529,0.014462809917355372,0.0,0.002066115702479339,0.0,3.15,-1.0859136822289321,2.3,3,3,1
208,zhao3,['ÕÒ'],473,134,50,16,273,42,[],32,13,45,0.2832980972515856,0.10570824524312897,0.03382663847780127,0.08879492600422834,0.09513742071881606,4.2,-0.4426674864712147,1.65,1,2,1
209,qi2,['Æï'],456,104,60,7,285,3,[],43,23,66,0.22807017543859648,0.13157894736842105,0.015350877192982455,0.006578947368421052,0.14473684210526316,5.4,0.4013448252847958,2.1,2,2,1
210,zhi1dao4,['ÖªµÀ'],453,76,97,11,269,0,[],141,28,169,0.16777041942604856,0.2141280353200883,0.024282560706401765,0.0,0.3730684326710817,2.6,-1.398051122204936,1.95,2,2,1
211,xia4,['ÏÂ'],451,110,72,32,237,4,[],57,10,67,0.24390243902439024,0.15964523281596452,0.07095343680709534,0.008869179600886918,0.14855875831485588,3.45,-0.863359551381142,1.65,1,1,1
212,fang4,['·Å'],442,128,57,8,249,8,[],41,16,57,0.2895927601809955,0.12895927601809956,0.01809954751131222,0.01809954751131222,0.12895927601809956,4.2,-0.3485104853628331,1.3,1,1,1
213,xie3,['Ð´'],432,95,105,17,215,9,[],44,12,56,0.2199074074074074,0.24305555555555555,0.03935185185185185,0.020833333333333332,0.12962962962962962,5.8,0.6374755200128968,2.1,2,2,1
214,ting1,['Ìý'],410,103,25,6,276,24,[],132,16,148,0.25121951219512195,0.06097560975609756,0.014634146341463415,0.05853658536585366,0.36097560975609755,4.7,-0.024379592421122302,1.2,1,1,1
215,gan4,['¸É'],402,121,11,1,269,0,[],56,5,61,0.3009950248756219,0.02736318407960199,0.0024875621890547263,0.0,0.1517412935323383,3.15,-1.154732982810389,2.0,2,2,1
216,hui4,['»á'],401,44,53,2,302,0,[],200,4,204,0.10972568578553615,0.13216957605985039,0.004987531172069825,0.0,0.5087281795511222,1.9,-1.9726880328267478,1.85,2,2,1
217,ai4,['°®'],380,141,23,82,134,0,[],58,1,59,0.37105263157894736,0.060526315789473685,0.21578947368421053,0.0,0.15526315789473685,2.5,-1.5356554018412087,1.95,2,1,1
218,dai4,"['´÷', '´ø']",360,66,49,13,232,18,[],76,38,114,0.18333333333333332,0.1361111111111111,0.03611111111111111,0.05,0.31666666666666665,5.0,0.12374136064520883,1.9,2,2,1
219,bao4,['±§'],327,55,80,18,174,135,[],54,96,150,0.16819571865443425,0.24464831804281345,0.05504587155963303,0.41284403669724773,0.45871559633027525,6.05,0.886592864256345,1.2,1,1,1
220,xiang3,"['Ïë', 'Ïì']",326,60,34,10,222,26,[],96,24,120,0.18404907975460122,0.10429447852760736,0.03067484662576687,0.07975460122699386,0.36809815950920244,2.95,-1.1669354899655189,1.95,2,2,1
221,diao4,['µô'],320,92,60,18,150,5,[],49,139,188,0.2875,0.1875,0.05625,0.015625,0.5875,4.4,-0.26695393559967884,1.85,2,2,1
222,pao3,['ÅÜ'],320,41,101,46,132,7,[],43,52,95,0.128125,0.315625,0.14375,0.021875,0.296875,5.9,0.7442808221543957,1.4,1,1,1
223,qi3lai2,['ÆðÀ´'],305,40,107,70,88,0,[],22,10,32,0.13114754098360656,0.35081967213114756,0.22950819672131148,0.0,0.10491803278688525,4.7,-0.05080890815255791,1.5,1,1,1
224,wan2,['Íæ'],287,80,25,2,180,3,[],41,161,202,0.2787456445993031,0.08710801393728224,0.006968641114982578,0.010452961672473868,0.7038327526132404,3.9,-0.5780590223796042,1.1,1,1,1
225,deng1,['µÅ'],287,31,95,13,148,59,[],16,15,31,0.10801393728222997,0.3310104529616725,0.04529616724738676,0.20557491289198607,0.10801393728222997,5.3,0.3649241336933646,2.55,3,3,1
226,ku1,['¿Þ'],285,25,62,8,190,0,[],99,94,193,0.08771929824561403,0.21754385964912282,0.028070175438596492,0.0,0.6771929824561403,6.25,0.9563476845301377,1.1,1,1,1
227,yao3,['Ò§'],284,56,51,32,145,4,[],38,15,53,0.19718309859154928,0.1795774647887324,0.11267605633802817,0.014084507042253521,0.18661971830985916,5.85,0.659648533797226,1.3,1,1,1
228,nong4,['Åª'],284,34,66,1,183,11,[],60,10,70,0.11971830985915492,0.2323943661971831,0.0035211267605633804,0.03873239436619718,0.24647887323943662,2.95,-1.3094710111512495,1.85,2,2,1
229,mai3,['Âò'],275,34,21,5,215,1,[],12,10,22,0.12363636363636364,0.07636363636363637,0.01818181818181818,0.0036363636363636364,0.08,4.25,-0.4215434889179498,2.1,2,3,1
230,da1,['´î'],249,58,52,11,128,8,[],12,2,14,0.23293172690763053,0.20883534136546184,0.04417670682730924,0.0321285140562249,0.05622489959839357,4.05,-0.4879354538146973,2.6,3,3,1
231,la1,['À­'],247,65,41,7,134,5,[],37,39,76,0.2631578947368421,0.1659919028340081,0.02834008097165992,0.020242914979757085,0.3076923076923077,5.05,0.13078685547106478,1.4,1,1,1
232,chang4,['³ª'],240,58,44,6,132,0,[],27,2,29,0.24166666666666667,0.18333333333333332,0.025,0.0,0.12083333333333333,5.35,0.37038081269791717,1.75,2,2,1
233,tiao4,['Ìø'],227,34,84,12,97,14,[],30,7,37,0.14977973568281938,0.3700440528634361,0.05286343612334802,0.06167400881057269,0.16299559471365638,6.05,0.808028153959992,1.5,1,1,1
234,reng1,['ÈÓ'],219,55,45,11,108,1,[],24,75,99,0.2511415525114155,0.2054794520547945,0.0502283105022831,0.0045662100456621,0.4520547945205479,5.7,0.5566446981030271,1.35,1,1,1
235,shuai1,['Ë¤'],209,52,26,25,106,30,[],45,65,110,0.24880382775119617,0.12440191387559808,0.11961722488038277,0.14354066985645933,0.5263157894736842,5.5,0.45261742086996115,1.6,1,2,1
236,jie1,['½Ó'],199,44,29,16,110,0,[],15,33,48,0.22110552763819097,0.1457286432160804,0.08040201005025126,0.0,0.24120603015075376,4.15,-0.4980206370733643,2.1,2,2,1
237,dao3,"['µ¹', 'µ¹']",190,39,41,22,88,10,[],20,69,89,0.20526315789473684,0.21578947368421053,0.11578947368421053,0.05263157894736842,0.46842105263157896,5.2,0.20252344597112568,2.15,2,2,1
238,tui1,['ÍÆ'],177,23,50,21,83,11,[],28,14,42,0.12994350282485875,0.2824858757062147,0.11864406779661017,0.062146892655367235,0.23728813559322035,5.45,0.4496701858876132,1.65,1,2,1
239,yong4,['ÓÃ'],177,24,19,2,132,0,[],55,4,59,0.13559322033898305,0.10734463276836158,0.011299435028248588,0.0,0.3333333333333333,2.45,-1.5503096397633955,1.75,2,1,1
240,bei1,['±³'],174,43,20,5,106,20,[],32,43,75,0.2471264367816092,0.11494252873563218,0.028735632183908046,0.11494252873563218,0.43103448275862066,5.1,0.1878563847812264,1.95,2,2,1
241,deng3,['µÈ'],171,83,7,0,81,9,[],14,42,56,0.4853801169590643,0.04093567251461988,0.0,0.05263157894736842,0.32748538011695905,4.15,-0.4331371510159828,2.25,3,2,1
242,xi3,['Ï´'],167,42,19,4,102,22,[],18,4,22,0.25149700598802394,0.11377245508982035,0.023952095808383235,0.1317365269461078,0.1317365269461078,5.25,0.29771924552940343,1.45,1,1,1
243,chuan1,['´©'],164,54,9,1,100,2,[],31,6,37,0.32926829268292684,0.054878048780487805,0.006097560975609756,0.012195121951219513,0.22560975609756098,5.25,0.29835543684801225,1.5,1,1,1
244,niao4,['Äò'],157,28,45,3,81,79,[],9,24,33,0.17834394904458598,0.28662420382165604,0.01910828025477707,0.5031847133757962,0.21019108280254778,5.75,0.6055676553485771,1.3,1,1,1
245,dai1,['´ý'],157,65,9,3,80,0,[],2,22,24,0.4140127388535032,0.05732484076433121,0.01910828025477707,0.0,0.15286624203821655,3.85,-0.6404179664726922,2.35,3,3,1
246,guan1,['¹Ø'],156,53,26,8,69,3,[],14,32,46,0.33974358974358976,0.16666666666666666,0.05128205128205128,0.019230769230769232,0.2948717948717949,4.35,-0.31372047219994803,1.5,1,1,1
247,xi3huan1,['Ï²»¶'],143,22,14,9,98,0,[],58,5,63,0.15384615384615385,0.0979020979020979,0.06293706293706294,0.0,0.4405594405594406,2.6,-1.4230465785006452,1.8,2,2,1
248,gao4su4,['¸æËß'],141,31,1,0,109,0,[],0,0,0,0.2198581560283688,0.0070921985815602835,0.0,0.0,0.0,4.2,-0.36505897585988684,2.25,3,3,1
249,ti1,['Ìß'],138,52,29,14,43,3,[],13,5,18,0.37681159420289856,0.21014492753623187,0.10144927536231885,0.021739130434782608,0.13043478260869565,6.05,0.7988586589153884,1.55,1,1,1
250,cha1,['²å'],135,27,41,16,51,33,[],18,4,22,0.2,0.3037037037037037,0.11851851851851852,0.24444444444444444,0.16296296296296298,5.3,0.30338138758537336,2.1,2,2,1
251,fei1,['·É'],135,31,23,6,75,25,[],12,11,23,0.22962962962962963,0.17037037037037037,0.044444444444444446,0.18518518518518517,0.17037037037037037,5.65,0.4045463235163849,1.95,2,2,1
252,zhuang1,['×°'],131,45,15,3,68,0,[],10,1,11,0.3435114503816794,0.11450381679389313,0.022900763358778626,0.0,0.08396946564885496,3.9,-0.6476190872345515,2.4,3,3,1
253,xue2,['Ñ§'],129,14,18,0,97,4,[],17,13,30,0.10852713178294573,0.13953488372093023,0.0,0.031007751937984496,0.23255813953488372,3.5,-0.8606433081530718,1.95,2,2,1
254,guo4,['¹ý'],128,18,21,2,87,0,[],5,6,11,0.140625,0.1640625,0.015625,0.0,0.0859375,2.5,-1.5468056706583182,2.25,3,2,1
255,xiu1,['ÐÞ'],126,21,30,6,69,22,[],0,0,0,0.16666666666666666,0.23809523809523808,0.047619047619047616,0.1746031746031746,0.0,4.0,-0.5830470498445985,2.7,3,3,1
256,ting1jian4,['Ìý¼û'],124,80,10,2,32,0,[],16,6,22,0.6451612903225806,0.08064516129032258,0.016129032258064516,0.0,0.1774193548387097,4.6,-0.03015423052517647,1.7,2,1,1
257,qiao2,['ÇÆ'],118,29,21,5,63,44,[],0,5,5,0.2457627118644068,0.17796610169491525,0.0423728813559322,0.3728813559322034,0.0423728813559322,4.85,0.018749692728031897,2.5,3,3,1
258,huan4,['»»'],117,50,3,0,64,4,[],11,12,23,0.42735042735042733,0.02564102564102564,0.0,0.03418803418803419,0.19658119658119658,3.9,-0.5923883107386134,2.05,2,2,1
259,zha1,['Ôú'],113,35,25,14,39,6,[],20,11,31,0.30973451327433627,0.22123893805309736,0.12389380530973451,0.05309734513274336,0.2743362831858407,5.55,0.5145554890023575,2.5,3,3,1
260,chu1qu4,['³öÈ¥'],108,20,25,6,57,0,[],21,15,36,0.18518518518518517,0.23148148148148148,0.05555555555555555,0.0,0.3333333333333333,4.65,-0.03237666997190335,1.6,1,1,1
261,wei4,['Î¹'],107,21,18,8,60,8,[],9,2,11,0.19626168224299065,0.16822429906542055,0.07476635514018691,0.07476635514018691,0.102803738317757,4.9,-0.05181965210752324,1.7,2,2,1
262,beng4,['±Ä'],103,25,27,9,42,29,[],11,5,16,0.24271844660194175,0.2621359223300971,0.08737864077669903,0.2815533980582524,0.1553398058252427,5.45,0.41808542951214467,2.3,3,3,1
263,pai1,['ÅÄ'],98,11,11,3,73,1,[],0,0,0,0.11224489795918367,0.11224489795918367,0.030612244897959183,0.01020408163265306,0.0,5.85,0.6707206534449327,1.75,2,2,1
264,wen4,['ÎÊ'],97,15,8,1,73,15,[],7,2,9,0.15463917525773196,0.08247422680412371,0.010309278350515464,0.15463917525773196,0.09278350515463918,4.6,-0.15148697321481835,2.05,2,2,1
265,zhuang4,['×²'],97,33,6,9,49,0,[],20,17,37,0.3402061855670103,0.061855670103092786,0.09278350515463918,0.0,0.38144329896907214,5.75,0.5884054952650013,1.95,2,2,1
266,zhan4,['Õ¾'],94,28,7,0,59,1,[],8,21,29,0.2978723404255319,0.07446808510638298,0.0,0.010638297872340425,0.30851063829787234,5.45,0.4421143691542505,1.15,1,1,1
267,shui4jiao4,['Ë¯¾õ'],93,11,17,9,56,0,[],13,21,34,0.11827956989247312,0.1827956989247312,0.0967741935483871,0.0,0.3655913978494624,6.3,1.0600637956655963,1.2,1,1,1
268,jiang3,['½²'],91,10,21,1,59,6,[],11,1,12,0.10989010989010989,0.23076923076923078,0.01098901098901099,0.06593406593406594,0.13186813186813187,4.6,-0.12950375127228494,1.65,1,2,1
269,tuo1,['ÍÏ'],90,30,10,2,48,10,[],10,17,27,0.3333333333333333,0.1111111111111111,0.022222222222222223,0.1111111111111111,0.3,5.0,0.0620087438967306,2.05,2,2,1
270,chang2,['³¢'],89,12,16,4,57,17,[],7,8,15,0.1348314606741573,0.1797752808988764,0.0449438202247191,0.19101123595505617,0.16853932584269662,5.0,0.14233044369810877,1.95,2,1,1
271,you1,['ÓÆ'],88,15,14,28,31,1,[],0,0,0,0.17045454545454544,0.1590909090909091,0.3181818181818182,0.011363636363636364,0.0,2.0,-1.9080092251672187,2.9,3,3,1
272,cai3,['²È'],86,27,18,6,35,2,[],23,7,30,0.313953488372093,0.20930232558139536,0.06976744186046512,0.023255813953488372,0.3488372093023256,5.95,0.7909994428514274,1.65,1,2,1
273,ya1,['Ñ¹'],83,12,32,4,35,65,[],3,4,7,0.14457831325301204,0.3855421686746988,0.04819277108433735,0.7831325301204819,0.08433734939759036,5.1,0.18634843466998324,2.05,2,2,1
274,ji4,['¼Ç'],80,13,23,3,41,0,[],5,2,7,0.1625,0.2875,0.0375,0.0,0.0875,3.55,-0.8293445678911044,2.3,3,3,1
275,da3kai1,['´ò¿ª'],78,13,30,14,21,0,[],13,3,16,0.16666666666666666,0.38461538461538464,0.1794871794871795,0.0,0.20512820512820512,5.25,0.23849629583128468,1.55,1,1,1
276,tang3,['ÌÉ'],77,9,27,13,28,17,[],8,16,24,0.11688311688311688,0.35064935064935066,0.16883116883116883,0.22077922077922077,0.3116883116883117,6.0,0.8459865991619736,1.3,1,1,1
277,ca1,['²Á'],74,16,21,2,35,70,[],7,5,12,0.21621621621621623,0.28378378378378377,0.02702702702702703,0.9459459459459459,0.16216216216216217,5.55,0.45744798622215893,1.8,2,1,1
278,jian3,"['¼ñ', '¼ô']",70,10,22,2,36,2,[],11,1,12,0.14285714285714285,0.3142857142857143,0.02857142857142857,0.02857142857142857,0.17142857142857143,5.3,0.3565472159181732,2.15,2,2,1
279,liang4,['ÁÁ'],70,6,22,1,41,28,[],14,25,39,0.08571428571428572,0.3142857142857143,0.014285714285714285,0.4,0.5571428571428572,4.3,-0.34236165385106404,2.2,3,2,1
280,song4,['ËÍ'],66,10,5,0,51,0,[],6,4,10,0.15151515151515152,0.07575757575757576,0.0,0.0,0.15151515151515152,3.55,-0.8188431140340153,2.2,3,2,1
281,le4,['ÀÖ'],65,26,9,6,24,196,[],5,6,11,0.4,0.13846153846153847,0.09230769230769231,3.0153846153846153,0.16923076923076924,4.0,-0.5117669975810596,2.15,2,3,1
282,jiu1,['¾¾'],65,10,17,2,36,1,[],33,4,37,0.15384615384615385,0.26153846153846155,0.03076923076923077,0.015384615384615385,0.5692307692307692,5.0,0.1315103680949559,2.5,3,3,1
283,ke1,['¿Ä'],63,24,4,3,32,7,[],13,10,23,0.38095238095238093,0.06349206349206349,0.047619047619047616,0.1111111111111111,0.36507936507936506,5.1,0.1544986881533875,2.65,3,3,1
284,wa1,['ÍÚ'],62,10,20,10,22,9,[],0,1,1,0.16129032258064516,0.3225806451612903,0.16129032258064516,0.14516129032258066,0.016129032258064516,5.65,0.5676514459628832,1.9,2,2,1
285,mo1,['Ãþ'],62,10,16,4,32,20,[],26,4,30,0.16129032258064516,0.25806451612903225,0.06451612903225806,0.3225806451612903,0.4838709677419355,5.75,0.6595270632060566,1.5,1,1,1
286,an4,['°´'],60,9,7,28,16,1,[],0,0,0,0.15,0.11666666666666667,0.4666666666666667,0.016666666666666666,0.0,5.3,0.2680317521112354,2.0,2,2,1
287,ban1,['°á'],59,4,10,3,42,20,[],3,4,7,0.06779661016949153,0.1694915254237288,0.05084745762711865,0.3389830508474576,0.11864406779661017,5.0,0.14093980399127,2.25,3,2,1
288,zhuan4,['×ª'],55,12,20,1,22,1,[],14,7,21,0.21818181818181817,0.36363636363636365,0.01818181818181818,0.01818181818181818,0.38181818181818183,4.8,0.00288441172627526,2.15,2,2,1
289,ning3,['Å¡'],51,4,20,2,25,1,[],8,1,9,0.0784313725490196,0.39215686274509803,0.0392156862745098,0.0196078431372549,0.17647058823529413,5.7,0.6158473478571833,2.8,3,3,1
290,sa3,"['Èö', 'È÷']",48,12,4,2,30,1,[],6,22,28,0.25,0.08333333333333333,0.041666666666666664,0.020833333333333332,0.5833333333333334,5.1,0.1898699645787019,2.35,3,2,1
291,jin4qu4,['½øÈ¥'],48,10,8,2,28,0,[],4,7,11,0.20833333333333334,0.16666666666666666,0.041666666666666664,0.0,0.22916666666666666,4.8,0.04051140762481668,1.65,1,1,1
292,zhai1,['Õª'],48,9,11,3,25,1,[],11,20,31,0.1875,0.22916666666666666,0.0625,0.020833333333333332,0.6458333333333334,5.35,0.36624451584065165,2.35,3,3,1
293,ting2,['Í£'],48,16,4,6,22,5,[],12,3,15,0.3333333333333333,0.08333333333333333,0.125,0.10416666666666667,0.3125,4.7,-0.09257524469231909,1.6,1,1,1
294,dou4,['¶º'],46,6,14,4,22,22,[],0,0,0,0.13043478260869565,0.30434782608695654,0.08695652173913043,0.4782608695652174,0.0,3.75,-0.6902215305181566,2.35,3,3,1
295,guai3,['¹Õ'],45,20,6,5,14,0,[],0,0,0,0.4444444444444444,0.13333333333333333,0.1111111111111111,0.0,0.0,3.35,-0.9736418010180469,2.8,3,3,1
296,zhua1,['×¥'],44,1,8,1,34,1,[],1,3,4,0.022727272727272728,0.18181818181818182,0.022727272727272728,0.022727272727272728,0.09090909090909091,5.4,0.33724785695574366,1.5,1,1,1
297,si1,['Ëº'],44,6,12,0,26,1,[],10,14,24,0.13636363636363635,0.2727272727272727,0.0,0.022727272727272728,0.5454545454545454,5.9,0.7617003555827249,2.35,3,2,1
298,bo1,"['°þ', '²¦']",44,9,7,7,21,10,[],5,3,8,0.20454545454545456,0.1590909090909091,0.1590909090909091,0.22727272727272727,0.18181818181818182,5.1,0.17267524559160483,2.55,3,3,1
299,mo3,['Ä¨'],44,14,2,0,28,1,[],16,9,25,0.3181818181818182,0.045454545454545456,0.0,0.022727272727272728,0.5681818181818182,4.75,-0.030758649660041038,2.5,3,2,1
300,jiao2,['½À'],43,6,21,8,8,2,[],0,0,0,0.13953488372093023,0.4883720930232558,0.18604651162790697,0.046511627906976744,0.0,6.0,0.8490409743971113,2.0,2,2,1
301,tu4,['ÍÂ'],43,8,14,5,16,16,[],0,2,2,0.18604651162790697,0.32558139534883723,0.11627906976744186,0.37209302325581395,0.046511627906976744,6.1,0.856531606667876,1.55,1,1,1
302,xiao4,['Ð¦'],40,14,3,1,22,2,[],5,2,7,0.35,0.075,0.025,0.05,0.175,6.05,0.8923290437460665,1.2,1,1,1
303,fan1,['·­'],40,5,11,2,22,3,[],7,8,15,0.125,0.275,0.05,0.075,0.375,4.85,0.043638024481643056,2.15,2,2,1
304,ba2,['°Î'],39,11,7,4,17,2,[],2,3,5,0.28205128205128205,0.1794871794871795,0.10256410256410256,0.05128205128205128,0.1282051282051282,5.4,0.40394846105580234,2.2,3,2,1
305,zhang3,['³¤'],39,9,4,0,26,0,[],9,3,12,0.23076923076923078,0.10256410256410256,0.0,0.0,0.3076923076923077,3.15,-1.0788037848756467,2.1,2,2,1
306,tiao4wu3,['ÌøÎè'],37,6,5,9,17,0,[],0,1,1,0.16216216216216217,0.13513513513513514,0.24324324324324326,0.0,0.02702702702702703,6.1,0.9464799459575822,2.1,2,2,1
307,pa1,['Å¿'],37,8,14,0,15,0,[],14,2,16,0.21621621621621623,0.3783783783783784,0.0,0.0,0.43243243243243246,6.0,0.7766742722965574,1.55,1,1,1
308,tie1,['Ìù'],36,12,7,2,15,0,[],6,3,9,0.3333333333333333,0.19444444444444445,0.05555555555555555,0.0,0.25,5.5,0.4265689993917651,2.3,3,2,1
309,qie1,['ÇÐ'],36,10,11,2,13,0,[],0,0,0,0.2777777777777778,0.3055555555555556,0.05555555555555555,0.0,0.0,5.85,0.7107224158517459,2.55,3,3,1
310,diu1,['¶ª'],36,13,3,2,18,0,[],5,14,19,0.3611111111111111,0.08333333333333333,0.05555555555555555,0.0,0.5277777777777778,4.55,-0.11694202105889881,1.95,2,2,1
311,peng4,['Åö'],35,10,4,2,19,1,[],9,3,12,0.2857142857142857,0.11428571428571428,0.05714285714285714,0.02857142857142857,0.34285714285714286,5.05,0.13228625036685557,1.7,2,1,1
312,wo4,['ÎÕ'],34,16,3,4,11,1,[],0,1,1,0.47058823529411764,0.08823529411764706,0.11764705882352941,0.029411764705882353,0.029411764705882353,5.7,0.5908538349982613,2.0,2,2,1
313,chou3,['³ò'],31,12,1,0,18,14,[],1,2,3,0.3870967741935484,0.03225806451612903,0.0,0.45161290322580644,0.0967741935483871,4.9,0.0860294655797331,2.85,3,3,1
314,chai1,['²ð'],30,6,7,0,17,4,[],9,10,19,0.2,0.23333333333333334,0.0,0.13333333333333333,0.6333333333333333,5.0,0.10388839958879774,2.4,3,3,1
315,chui1,['´µ'],30,6,0,1,23,8,[],0,0,0,0.2,0.0,0.03333333333333333,0.26666666666666666,0.0,5.4,0.3866582617139627,1.3,1,1,1
316,yan4,['ÑÊ'],30,14,6,0,10,0,[],2,20,22,0.4666666666666667,0.2,0.0,0.0,0.7333333333333333,5.65,0.5120688071801469,2.0,2,2,1
317,gua4,['¹Ò'],29,6,4,1,18,0,[],5,8,13,0.20689655172413793,0.13793103448275862,0.034482758620689655,0.0,0.4482758620689655,4.65,-0.12591804446166796,2.3,3,2,1
318,pa2,['ÅÀ'],28,7,5,0,16,1,[],8,2,10,0.25,0.17857142857142858,0.0,0.03571428571428571,0.35714285714285715,6.0,0.7225941030009843,1.2,1,1,1
319,qiao1,['ÇÃ'],25,13,3,0,9,3,[],1,2,3,0.52,0.12,0.0,0.12,0.12,5.7,0.5821503669441577,2.1,2,2,1
320,qiang3,['ÇÀ'],25,1,5,1,18,0,[],6,6,12,0.04,0.2,0.04,0.0,0.48,5.6,0.43453916259769565,2.2,3,2,1
321,bi4,['±Õ'],25,8,1,4,12,0,[],0,0,0,0.32,0.04,0.16,0.0,0.0,3.8,-0.6096354565499356,2.25,3,3,1
322,rou2,['Èà'],25,0,9,0,16,14,[],1,2,3,0.0,0.36,0.0,0.56,0.12,5.7,0.533091609686395,2.2,3,2,1
323,dai3,['´þ'],24,7,8,2,7,0,[],0,0,0,0.2916666666666667,0.3333333333333333,0.08333333333333333,0.0,0.0,4.2,-0.32929733176226184,2.9,3,3,1
324,duo3,['¶ã'],24,8,3,1,12,0,[],0,0,0,0.3333333333333333,0.125,0.041666666666666664,0.0,0.0,4.6,-0.16626023881783009,2.05,2,2,1
325,bang3,['°ó'],23,6,4,0,13,2,[],1,1,2,0.2608695652173913,0.17391304347826086,0.0,0.08695652173913043,0.08695652173913043,5.6,0.5514505810994472,2.8,3,3,1
326,cang2,['²Ø'],23,5,3,1,14,6,[],0,0,0,0.21739130434782608,0.13043478260869565,0.043478260869565216,0.2608695652173913,0.0,4.6,-0.14275929827258063,2.2,3,2,1
327,shi3jin4,['Ê¹¾¢'],22,3,8,4,7,0,[],0,0,0,0.13636363636363635,0.36363636363636365,0.18181818181818182,0.0,0.0,4.2,-0.3461079875288732,2.45,3,3,1
328,du2,['¶Á'],22,8,3,1,10,0,[],0,0,0,0.36363636363636365,0.13636363636363635,0.045454545454545456,0.0,0.0,5.35,0.29316295968879114,2.15,2,3,1
329,dun1,['¶×'],21,8,1,1,11,2,[],1,8,9,0.38095238095238093,0.047619047619047616,0.047619047619047616,0.09523809523809523,0.42857142857142855,6.0,0.8154973043725594,1.75,2,2,1
330,niu3,['Å¤'],21,8,4,0,9,0,[],0,0,0,0.38095238095238093,0.19047619047619047,0.0,0.0,0.0,5.6,0.4766283731359504,2.25,3,2,1
331,tao4,['Ì×'],20,6,3,4,7,3,[],0,0,0,0.3,0.15,0.2,0.15,0.0,4.35,-0.3117829268535684,2.6,3,3,1
332,rao4,['ÈÆ'],20,9,3,1,7,0,[],0,0,0,0.45,0.15,0.05,0.0,0.0,4.25,-0.3944830964202571,2.55,3,3,1
333,mai4,['Âô'],20,4,1,0,15,0,[],4,2,6,0.2,0.05,0.0,0.0,0.3,4.35,-0.250225230280015,2.65,3,3,1
334,zhuai4,['×§'],19,1,6,0,12,0,[],0,0,0,0.05263157894736842,0.3157894736842105,0.0,0.0,0.0,5.55,0.47268303535489836,2.7,3,3,1
335,xing3,['ÐÑ'],19,1,4,1,13,0,[],6,6,12,0.05263157894736842,0.21052631578947367,0.05263157894736842,0.0,0.631578947368421,4.9,0.01293268652488474,1.65,1,1,1
336,hua4hua4,['»­»­'],15,5,2,4,4,0,[],1,1,2,0.3333333333333333,0.13333333333333333,0.26666666666666666,0.0,0.13333333333333333,5.9,0.7525891975078233,1.9,2,2,1
337,zhui1,['×·'],14,4,0,0,10,0,[],1,3,4,0.2857142857142857,0.0,0.0,0.0,0.2857142857142857,5.45,0.39597190689492745,1.9,2,2,1
338,ceng4,['²ä'],14,2,3,0,9,0,[],0,0,0,0.14285714285714285,0.21428571428571427,0.0,0.0,0.0,5.35,0.307684974760304,2.65,3,3,1
339,lou3,['Â§'],14,4,3,0,7,0,[],0,6,6,0.2857142857142857,0.21428571428571427,0.0,0.0,0.42857142857142855,5.65,0.5489255349974915,2.6,3,3,1
340,hua2,['»¬'],14,2,4,3,5,0,[],0,0,0,0.14285714285714285,0.2857142857142857,0.21428571428571427,0.0,0.0,4.75,-0.08520881036485639,2.1,2,2,1
341,zhuan3,['×ª'],13,6,2,2,3,0,[],0,0,0,0.46153846153846156,0.15384615384615385,0.15384615384615385,0.0,0.0,4.35,-0.29251533616253855,2.25,3,2,1
342,shua1,['Ë¢'],12,3,2,1,6,1,[],0,0,0,0.25,0.16666666666666666,0.08333333333333333,0.08333333333333333,0.0,4.6,-0.11200002990967736,2.4,3,3,1
343,you2yong3,['ÓÎÓ¾'],12,2,2,0,8,0,[],5,2,7,0.16666666666666666,0.16666666666666666,0.0,0.0,0.5833333333333334,6.1,0.9253596186057342,2.6,3,3,1
344,qin1,['Ç×'],11,2,1,0,8,4,[],4,1,5,0.18181818181818182,0.09090909090909091,0.0,0.36363636363636365,0.45454545454545453,5.7,0.5715076560071102,1.4,1,1,1
345,fu2,['·ö'],11,2,1,0,8,1,[],0,8,8,0.18181818181818182,0.09090909090909091,0.0,0.09090909090909091,0.7272727272727273,5.15,0.2620783529427716,2.1,2,2,1
346,wen2,['ÎÅ'],10,0,3,0,7,13,[],0,1,1,0.0,0.3,0.0,1.3,0.1,5.5,0.4525442716458311,1.8,2,1,1
